Month,Day of Week,Portion of Day,End Location Type,Total Commutes
March,Tuesday,Morning,Restaurant,1613
March,Tuesday,Morning,Home,836
March,Tuesday,Morning,Pub,368
March,Tuesday,Morning,Work,8410
March,Tuesday,Morning,Unknown,10
March,Tuesday,Afternoon,Restaurant,3093
March,Tuesday,Afternoon,Home,137
March,Tuesday,Afternoon,Pub,127
March,Tuesday,Afternoon,Work,3033
March,Tuesday,Afternoon,Unknown,6
March,Tuesday,Evening,Restaurant,2903
March,Tuesday,Evening,Home,8301
March,Tuesday,Evening,Pub,2440
March,Tuesday,Evening,Work,2518
March,Tuesday,Evening,Unknown,145
March,Tuesday,Night,Home,6806
March,Tuesday,Night,Pub,4765
March,Tuesday,Night,Restaurant,1769
March,Tuesday,Night,Unknown,110
March,Tuesday,Night,Work,4
March,Wednesday,Morning,Restaurant,1489
March,Wednesday,Morning,Home,1091
March,Wednesday,Morning,Pub,452
March,Wednesday,Morning,Work,8979
March,Wednesday,Morning,Unknown,24
March,Wednesday,Afternoon,Restaurant,3454
March,Wednesday,Afternoon,Home,200
March,Wednesday,Afternoon,Pub,172
March,Wednesday,Afternoon,Work,3331
March,Wednesday,Afternoon,Unknown,2
March,Wednesday,Evening,Restaurant,3257
March,Wednesday,Evening,Home,9232
March,Wednesday,Evening,Pub,2781
March,Wednesday,Evening,Work,2874
March,Wednesday,Evening,Unknown,150
March,Wednesday,Night,Home,7683
March,Wednesday,Night,Restaurant,1923
March,Wednesday,Night,Pub,5424
March,Wednesday,Night,Work,5
March,Wednesday,Night,Unknown,92
March,Thursday,Morning,Restaurant,1410
March,Thursday,Morning,Home,1051
March,Thursday,Morning,Pub,398
March,Thursday,Morning,Work,9059
March,Thursday,Morning,Unknown,15
March,Thursday,Afternoon,Home,154
March,Thursday,Afternoon,Restaurant,3461
March,Thursday,Afternoon,Pub,141
March,Thursday,Afternoon,Work,3329
March,Thursday,Afternoon,Unknown,2
March,Thursday,Evening,Home,9325
March,Thursday,Evening,Restaurant,3282
March,Thursday,Evening,Pub,2796
March,Thursday,Evening,Work,2893
March,Thursday,Evening,Unknown,134
March,Thursday,Night,Home,7843
March,Thursday,Night,Restaurant,1965
March,Thursday,Night,Pub,5519
March,Thursday,Night,Unknown,95
March,Thursday,Night,Work,3
March,Friday,Morning,Restaurant,1275
March,Friday,Morning,Pub,299
March,Friday,Morning,Home,921
March,Friday,Morning,Work,8196
March,Friday,Morning,Unknown,12
March,Friday,Afternoon,Restaurant,3096
March,Friday,Afternoon,Home,121
March,Friday,Afternoon,Pub,101
March,Friday,Afternoon,Work,2952
March,Friday,Afternoon,Unknown,1
March,Friday,Evening,Home,8359
March,Friday,Evening,Restaurant,2945
March,Friday,Evening,Pub,2444
March,Friday,Evening,Work,2674
March,Friday,Evening,Unknown,135
March,Friday,Night,Home,6891
March,Friday,Night,Pub,4787
March,Friday,Night,Restaurant,1742
March,Friday,Night,Work,4
March,Friday,Night,Unknown,57
March,Saturday,Morning,Restaurant,3677
March,Saturday,Morning,Pub,5459
March,Saturday,Morning,Home,7311
March,Saturday,Morning,Unknown,4
March,Saturday,Morning,Work,942
March,Saturday,Afternoon,Home,2407
March,Saturday,Afternoon,Restaurant,1465
March,Saturday,Afternoon,Pub,2004
March,Saturday,Afternoon,Work,283
March,Saturday,Evening,Home,5524
March,Saturday,Evening,Pub,4108
March,Saturday,Evening,Restaurant,1802
March,Saturday,Evening,Work,259
March,Saturday,Night,Home,6267
March,Saturday,Night,Pub,4160
March,Saturday,Night,Restaurant,1412
March,Sunday,Morning,Restaurant,3728
March,Sunday,Morning,Pub,4709
March,Sunday,Morning,Home,6857
March,Sunday,Morning,Work,918
March,Sunday,Afternoon,Home,2224
March,Sunday,Afternoon,Pub,1712
March,Sunday,Afternoon,Restaurant,1543
March,Sunday,Afternoon,Work,264
March,Sunday,Evening,Home,5078
March,Sunday,Evening,Pub,3579
March,Sunday,Evening,Restaurant,1827
March,Sunday,Evening,Work,277
March,Sunday,Night,Home,5723
March,Sunday,Night,Pub,3659
March,Sunday,Night,Restaurant,1431
March,Monday,Morning,Restaurant,1093
March,Monday,Morning,Pub,325
March,Monday,Morning,Home,807
March,Monday,Morning,Work,7124
March,Monday,Afternoon,Restaurant,2692
March,Monday,Afternoon,Home,144
March,Monday,Afternoon,Pub,135
March,Monday,Afternoon,Work,2590
March,Monday,Evening,Home,7411
March,Monday,Evening,Restaurant,2533
March,Monday,Evening,Pub,1878
March,Monday,Evening,Work,2232
March,Monday,Night,Home,5316
March,Monday,Night,Pub,3460
March,Monday,Night,Restaurant,1408
March,Monday,Night,Work,4
April,Friday,Morning,Pub,247
April,Friday,Morning,Restaurant,1120
April,Friday,Morning,Home,699
April,Friday,Morning,Work,8060
April,Friday,Afternoon,Restaurant,3049
April,Friday,Afternoon,Home,126
April,Friday,Afternoon,Pub,66
April,Friday,Afternoon,Work,2899
April,Friday,Evening,Restaurant,2931
April,Friday,Evening,Home,8333
April,Friday,Evening,Pub,1924
April,Friday,Evening,Work,2623
April,Friday,Night,Home,5820
April,Friday,Night,Pub,3761
April,Friday,Night,Restaurant,1643
April,Friday,Night,Work,2
April,Saturday,Morning,Restaurant,4634
April,Saturday,Morning,Pub,5175
April,Saturday,Morning,Home,7891
April,Saturday,Morning,Work,1180
April,Saturday,Afternoon,Home,2559
April,Saturday,Afternoon,Restaurant,1876
April,Saturday,Afternoon,Pub,1967
April,Saturday,Afternoon,Work,353
April,Saturday,Evening,Home,6068
April,Saturday,Evening,Restaurant,2339
April,Saturday,Evening,Pub,3796
April,Saturday,Evening,Work,333
April,Saturday,Night,Home,6338
April,Saturday,Night,Restaurant,1737
April,Saturday,Night,Pub,3809
April,Sunday,Morning,Restaurant,4202
April,Sunday,Morning,Pub,4180
April,Sunday,Morning,Home,6921
April,Sunday,Morning,Work,1030
April,Sunday,Afternoon,Home,2161
April,Sunday,Afternoon,Restaurant,1701
April,Sunday,Afternoon,Pub,1468
April,Sunday,Afternoon,Work,299
April,Sunday,Evening,Home,5055
April,Sunday,Evening,Restaurant,2112
April,Sunday,Evening,Pub,3105
April,Sunday,Evening,Work,311
April,Sunday,Night,Home,5414
April,Sunday,Night,Restaurant,1627
April,Sunday,Night,Pub,3168
April,Monday,Morning,Restaurant,1088
April,Monday,Morning,Pub,260
April,Monday,Morning,Home,694
April,Monday,Morning,Work,7119
April,Monday,Afternoon,Restaurant,2710
April,Monday,Afternoon,Home,112
April,Monday,Afternoon,Pub,107
April,Monday,Afternoon,Work,2601
April,Monday,Evening,Home,7403
April,Monday,Evening,Restaurant,2560
April,Monday,Evening,Pub,1492
April,Monday,Evening,Work,2230
April,Monday,Night,Restaurant,1417
April,Monday,Night,Home,4537
April,Monday,Night,Pub,2776
April,Monday,Night,Work,2
April,Tuesday,Morning,Restaurant,1064
April,Tuesday,Morning,Pub,236
April,Tuesday,Morning,Home,690
April,Tuesday,Morning,Work,7083
April,Tuesday,Afternoon,Home,106
April,Tuesday,Afternoon,Restaurant,2712
April,Tuesday,Afternoon,Pub,77
April,Tuesday,Afternoon,Work,2649
April,Tuesday,Evening,Home,7357
April,Tuesday,Evening,Restaurant,2587
April,Tuesday,Evening,Pub,1261
April,Tuesday,Evening,Work,2222
April,Tuesday,Night,Home,4115
April,Tuesday,Night,Pub,2376
April,Tuesday,Night,Restaurant,1398
April,Tuesday,Night,Work,5
April,Wednesday,Morning,Pub,235
April,Wednesday,Morning,Restaurant,1030
April,Wednesday,Morning,Home,651
April,Wednesday,Morning,Work,7036
April,Wednesday,Afternoon,Restaurant,2726
April,Wednesday,Afternoon,Home,107
April,Wednesday,Afternoon,Pub,81
April,Wednesday,Afternoon,Work,2632
April,Wednesday,Evening,Restaurant,2578
April,Wednesday,Evening,Home,7332
April,Wednesday,Evening,Pub,1308
April,Wednesday,Evening,Work,2257
April,Wednesday,Night,Home,4263
April,Wednesday,Night,Pub,2502
April,Wednesday,Night,Restaurant,1425
April,Wednesday,Night,Work,2
April,Thursday,Morning,Pub,265
April,Thursday,Morning,Restaurant,1024
April,Thursday,Morning,Home,626
April,Thursday,Morning,Work,7126
April,Thursday,Afternoon,Home,114
April,Thursday,Afternoon,Restaurant,2724
April,Thursday,Afternoon,Pub,85
April,Thursday,Afternoon,Work,2620
April,Thursday,Evening,Restaurant,2592
April,Thursday,Evening,Home,7397
April,Thursday,Evening,Pub,1515
April,Thursday,Evening,Work,2273
April,Thursday,Night,Home,4720
April,Thursday,Night,Pub,2916
April,Thursday,Night,Restaurant,1437
April,Thursday,Night,Work,5
May,Sunday,Morning,Restaurant,3756
May,Sunday,Morning,Pub,3643
May,Sunday,Morning,Home,6132
May,Sunday,Morning,Work,911
May,Sunday,Afternoon,Home,1863
May,Sunday,Afternoon,Pub,1296
May,Sunday,Afternoon,Restaurant,1444
May,Sunday,Afternoon,Work,267
May,Sunday,Evening,Home,4447
May,Sunday,Evening,Pub,2737
May,Sunday,Evening,Restaurant,1839
May,Sunday,Evening,Work,276
May,Sunday,Night,Home,4652
May,Sunday,Night,Restaurant,1345
May,Sunday,Night,Pub,2762
May,Monday,Morning,Restaurant,1201
May,Monday,Morning,Pub,239
May,Monday,Morning,Home,724
May,Monday,Morning,Work,8005
May,Monday,Afternoon,Restaurant,3043
May,Monday,Afternoon,Pub,92
May,Monday,Afternoon,Home,103
May,Monday,Afternoon,Work,2929
May,Monday,Evening,Restaurant,2892
May,Monday,Evening,Home,8280
May,Monday,Evening,Work,2519
May,Monday,Evening,Pub,1552
May,Monday,Night,Home,4962
May,Monday,Night,Restaurant,1612
May,Monday,Night,Pub,2932
May,Monday,Night,Work,2
May,Tuesday,Morning,Pub,219
May,Tuesday,Morning,Restaurant,1228
May,Tuesday,Morning,Home,718
May,Tuesday,Morning,Work,7984
May,Tuesday,Afternoon,Restaurant,3049
May,Tuesday,Afternoon,Pub,84
May,Tuesday,Afternoon,Home,89
May,Tuesday,Afternoon,Work,2990
May,Tuesday,Evening,Restaurant,2894
May,Tuesday,Evening,Home,8250
May,Tuesday,Evening,Work,2499
May,Tuesday,Evening,Pub,1265
May,Tuesday,Night,Home,4362
May,Tuesday,Night,Restaurant,1546
May,Tuesday,Night,Work,5
May,Tuesday,Night,Pub,2375
May,Wednesday,Morning,Pub,186
May,Wednesday,Morning,Restaurant,1014
May,Wednesday,Morning,Home,560
May,Wednesday,Morning,Work,7036
May,Wednesday,Afternoon,Restaurant,2726
May,Wednesday,Afternoon,Home,104
May,Wednesday,Afternoon,Pub,61
May,Wednesday,Afternoon,Work,2628
May,Wednesday,Evening,Restaurant,2573
May,Wednesday,Evening,Home,6708
May,Wednesday,Evening,Work,2267
May,Wednesday,Evening,Pub,1074
May,Wednesday,Night,Home,3521
May,Wednesday,Night,Restaurant,1345
May,Wednesday,Night,Pub,2014
May,Wednesday,Night,Work,2
May,Thursday,Morning,Restaurant,894
May,Thursday,Morning,Pub,245
May,Thursday,Morning,Home,495
May,Thursday,Morning,Work,6240
May,Thursday,Afternoon,Home,101
May,Thursday,Afternoon,Restaurant,2384
May,Thursday,Afternoon,Pub,85
May,Thursday,Afternoon,Work,2297
May,Thursday,Evening,Restaurant,2221
May,Thursday,Evening,Pub,1154
May,Thursday,Evening,Home,6471
May,Thursday,Evening,Work,1993
May,Thursday,Night,Home,3745
May,Thursday,Night,Restaurant,1266
May,Thursday,Night,Work,3
May,Thursday,Night,Pub,2166
May,Friday,Morning,Restaurant,849
May,Friday,Morning,Pub,159
May,Friday,Morning,Home,460
May,Friday,Morning,Work,6249
May,Friday,Afternoon,Restaurant,2390
May,Friday,Afternoon,Home,101
May,Friday,Afternoon,Pub,56
May,Friday,Afternoon,Work,2266
May,Friday,Evening,Restaurant,2246
May,Friday,Evening,Home,6470
May,Friday,Evening,Work,2043
May,Friday,Evening,Pub,1347
May,Friday,Night,Pub,2556
May,Friday,Night,Home,4140
May,Friday,Night,Restaurant,1208
May,Friday,Night,Work,2
May,Saturday,Morning,Restaurant,3267
May,Saturday,Morning,Pub,3396
May,Saturday,Morning,Home,5392
May,Saturday,Morning,Work,829
May,Saturday,Afternoon,Home,1728
May,Saturday,Afternoon,Restaurant,1353
May,Saturday,Afternoon,Pub,1258
May,Saturday,Afternoon,Work,253
May,Saturday,Evening,Home,4052
May,Saturday,Evening,Restaurant,1570
May,Saturday,Evening,Pub,2449
May,Saturday,Evening,Work,233
May,Saturday,Night,Home,4212
May,Saturday,Night,Pub,2558
May,Saturday,Night,Restaurant,1210
June,Wednesday,Morning,Restaurant,634
June,Wednesday,Morning,Pub,122
June,Wednesday,Morning,Home,360
June,Wednesday,Morning,Work,4390
June,Wednesday,Afternoon,Restaurant,1703
June,Wednesday,Afternoon,Home,64
June,Wednesday,Afternoon,Pub,46
June,Wednesday,Afternoon,Work,1642
June,Wednesday,Evening,Restaurant,1615
June,Wednesday,Evening,Home,4566
June,Wednesday,Evening,Work,1413
June,Wednesday,Evening,Pub,703
June,Wednesday,Night,Home,2387
June,Wednesday,Night,Pub,1290
June,Wednesday,Night,Restaurant,870
June,Wednesday,Night,Work,2
June,Thursday,Morning,Restaurant,625
June,Thursday,Morning,Pub,170
June,Thursday,Morning,Home,360
June,Thursday,Morning,Work,4449
June,Thursday,Afternoon,Home,76
June,Thursday,Afternoon,Restaurant,1706
June,Thursday,Afternoon,Pub,64
June,Thursday,Afternoon,Work,1636
June,Thursday,Evening,Restaurant,1627
June,Thursday,Evening,Home,4632
June,Thursday,Evening,Pub,828
June,Thursday,Evening,Work,1426
June,Thursday,Night,Home,2678
June,Thursday,Night,Pub,1588
June,Thursday,Night,Restaurant,881
June,Thursday,Night,Work,2
June,Friday,Morning,Pub,109
June,Friday,Morning,Restaurant,483
June,Friday,Morning,Home,305
June,Friday,Morning,Work,3567
June,Friday,Afternoon,Restaurant,1357
June,Friday,Afternoon,Home,54
June,Friday,Afternoon,Pub,33
June,Friday,Afternoon,Work,1288
June,Friday,Evening,Restaurant,1301
June,Friday,Evening,Home,3696
June,Friday,Evening,Pub,740
June,Friday,Evening,Work,1167
June,Friday,Night,Home,2288
June,Friday,Night,Restaurant,659
June,Friday,Night,Work,2
June,Friday,Night,Pub,1384
June,Saturday,Morning,Restaurant,1882
June,Saturday,Morning,Pub,2087
June,Saturday,Morning,Home,3185
June,Saturday,Morning,Work,471
June,Saturday,Afternoon,Pub,771
June,Saturday,Afternoon,Home,1015
June,Saturday,Afternoon,Restaurant,756
June,Saturday,Afternoon,Work,148
June,Saturday,Evening,Home,2362
June,Saturday,Evening,Restaurant,878
June,Saturday,Evening,Pub,1509
June,Saturday,Evening,Work,134
June,Saturday,Night,Home,2469
June,Saturday,Night,Restaurant,651
June,Saturday,Night,Pub,1524
June,Sunday,Morning,Restaurant,1841
June,Sunday,Morning,Home,3109
June,Sunday,Morning,Pub,1947
June,Sunday,Morning,Work,461
June,Sunday,Afternoon,Home,965
June,Sunday,Afternoon,Restaurant,770
June,Sunday,Afternoon,Pub,685
June,Sunday,Afternoon,Work,138
June,Sunday,Evening,Home,2310
June,Sunday,Evening,Restaurant,910
June,Sunday,Evening,Pub,1446
June,Sunday,Evening,Work,137
June,Sunday,Night,Home,2389
June,Sunday,Night,Pub,1444
June,Sunday,Night,Restaurant,673
June,Monday,Morning,Restaurant,517
June,Monday,Morning,Pub,114
June,Monday,Morning,Home,314
June,Monday,Morning,Work,3550
June,Monday,Afternoon,Home,55
June,Monday,Afternoon,Restaurant,1357
June,Monday,Afternoon,Pub,46
June,Monday,Afternoon,Work,1299
June,Monday,Evening,Home,3698
June,Monday,Evening,Restaurant,1294
June,Monday,Evening,Work,1121
June,Monday,Evening,Pub,663
June,Monday,Night,Home,2132
June,Monday,Night,Pub,1222
June,Monday,Night,Restaurant,705
June,Monday,Night,Work,2
June,Tuesday,Morning,Pub,97
June,Tuesday,Morning,Restaurant,536
June,Tuesday,Morning,Home,305
June,Tuesday,Morning,Work,3549
June,Tuesday,Afternoon,Home,48
June,Tuesday,Afternoon,Restaurant,1364
June,Tuesday,Afternoon,Pub,33
June,Tuesday,Afternoon,Work,1326
June,Tuesday,Evening,Restaurant,1271
June,Tuesday,Evening,Home,3652
June,Tuesday,Evening,Pub,587
June,Tuesday,Evening,Work,1109
June,Tuesday,Night,Pub,1089
June,Tuesday,Night,Home,1969
June,Tuesday,Night,Restaurant,676
June,Tuesday,Night,Work,1
July,Friday,Morning,Restaurant,611
July,Friday,Morning,Pub,112
July,Friday,Morning,Home,325
July,Friday,Morning,Work,4470
July,Friday,Afternoon,Restaurant,1695
July,Friday,Afternoon,Home,55
July,Friday,Afternoon,Pub,35
July,Friday,Afternoon,Work,1609
July,Friday,Evening,Restaurant,1617
July,Friday,Evening,Home,4625
July,Friday,Evening,Work,1457
July,Friday,Evening,Pub,856
July,Friday,Night,Home,2806
July,Friday,Night,Pub,1673
July,Friday,Night,Restaurant,869
July,Friday,Night,Work,2
July,Saturday,Morning,Restaurant,2352
July,Saturday,Morning,Pub,2368
July,Saturday,Morning,Home,3808
July,Saturday,Morning,Work,592
July,Saturday,Afternoon,Home,1247
July,Saturday,Afternoon,Pub,896
July,Saturday,Afternoon,Restaurant,935
July,Saturday,Afternoon,Work,178
July,Saturday,Evening,Home,2862
July,Saturday,Evening,Restaurant,1133
July,Saturday,Evening,Pub,1716
July,Saturday,Evening,Work,167
July,Saturday,Night,Home,2973
July,Saturday,Night,Restaurant,884
July,Saturday,Night,Pub,1736
July,Sunday,Morning,Restaurant,2290
July,Sunday,Morning,Pub,2375
July,Sunday,Morning,Home,3804
July,Sunday,Morning,Work,570
July,Sunday,Afternoon,Home,1231
July,Sunday,Afternoon,Pub,824
July,Sunday,Afternoon,Restaurant,932
July,Sunday,Afternoon,Work,172
July,Sunday,Evening,Home,2788
July,Sunday,Evening,Restaurant,1146
July,Sunday,Evening,Pub,1755
July,Sunday,Evening,Work,173
July,Sunday,Night,Home,3016
July,Sunday,Night,Restaurant,836
July,Sunday,Night,Pub,1851
July,Monday,Morning,Restaurant,533
July,Monday,Morning,Home,347
July,Monday,Morning,Work,3558
July,Monday,Morning,Pub,116
July,Monday,Afternoon,Restaurant,1358
July,Monday,Afternoon,Home,63
July,Monday,Afternoon,Pub,44
July,Monday,Afternoon,Work,1299
July,Monday,Evening,Restaurant,1284
July,Monday,Evening,Home,3669
July,Monday,Evening,Pub,696
July,Monday,Evening,Work,1117
July,Monday,Night,Home,2142
July,Monday,Night,Pub,1233
July,Monday,Night,Restaurant,713
July,Monday,Night,Work,1
July,Tuesday,Morning,Restaurant,543
July,Tuesday,Morning,Pub,83
July,Tuesday,Morning,Home,291
July,Tuesday,Morning,Work,3552
July,Tuesday,Afternoon,Restaurant,1356
July,Tuesday,Afternoon,Home,44
July,Tuesday,Afternoon,Pub,20
July,Tuesday,Afternoon,Work,1324
July,Tuesday,Evening,Restaurant,1286
July,Tuesday,Evening,Home,3653
July,Tuesday,Evening,Pub,519
July,Tuesday,Evening,Work,1110
July,Tuesday,Night,Home,1850
July,Tuesday,Night,Restaurant,697
July,Tuesday,Night,Pub,967
July,Tuesday,Night,Work,2
July,Wednesday,Morning,Restaurant,524
July,Wednesday,Morning,Pub,97
July,Wednesday,Morning,Home,286
July,Wednesday,Morning,Work,3532
July,Wednesday,Afternoon,Home,48
July,Wednesday,Afternoon,Restaurant,1363
July,Wednesday,Afternoon,Pub,26
July,Wednesday,Afternoon,Work,1313
July,Wednesday,Evening,Restaurant,1322
July,Wednesday,Evening,Home,3680
July,Wednesday,Evening,Pub,517
July,Wednesday,Evening,Work,1131
July,Wednesday,Night,Home,1840
July,Wednesday,Night,Restaurant,652
July,Wednesday,Night,Work,1
July,Wednesday,Night,Pub,975
July,Thursday,Morning,Restaurant,499
July,Thursday,Morning,Pub,90
July,Thursday,Morning,Home,249
July,Thursday,Morning,Work,3553
July,Thursday,Afternoon,Home,51
July,Thursday,Afternoon,Restaurant,1357
July,Thursday,Afternoon,Pub,34
July,Thursday,Afternoon,Work,1309
July,Thursday,Evening,Restaurant,1319
July,Thursday,Evening,Pub,623
July,Thursday,Evening,Home,3683
July,Thursday,Evening,Work,1137
July,Thursday,Night,Home,2041
July,Thursday,Night,Pub,1154
July,Thursday,Night,Restaurant,686
July,Thursday,Night,Work,2
August,Monday,Morning,Restaurant,677
August,Monday,Morning,Home,426
August,Monday,Morning,Pub,160
August,Monday,Morning,Work,4445
August,Monday,Afternoon,Restaurant,1688
August,Monday,Afternoon,Home,59
August,Monday,Afternoon,Pub,53
August,Monday,Afternoon,Work,1621
August,Monday,Evening,Home,4626
August,Monday,Evening,Restaurant,1624
August,Monday,Evening,Pub,834
August,Monday,Evening,Work,1402
August,Monday,Night,Pub,1505
August,Monday,Night,Restaurant,861
August,Monday,Night,Home,2589
August,Tuesday,Morning,Pub,125
August,Tuesday,Morning,Restaurant,674
August,Tuesday,Morning,Home,383
August,Tuesday,Morning,Work,4439
August,Tuesday,Afternoon,Home,62
August,Tuesday,Afternoon,Restaurant,1700
August,Tuesday,Afternoon,Pub,46
August,Tuesday,Afternoon,Work,1652
August,Tuesday,Evening,Restaurant,1598
August,Tuesday,Evening,Home,4553
August,Tuesday,Evening,Work,1386
August,Tuesday,Evening,Pub,693
August,Tuesday,Night,Home,2405
August,Tuesday,Night,Pub,1231
August,Tuesday,Night,Restaurant,893
August,Tuesday,Night,Work,4
August,Wednesday,Morning,Restaurant,653
August,Wednesday,Morning,Home,356
August,Wednesday,Morning,Pub,131
August,Wednesday,Morning,Work,4412
August,Wednesday,Afternoon,Restaurant,1707
August,Wednesday,Afternoon,Pub,48
August,Wednesday,Afternoon,Home,62
August,Wednesday,Afternoon,Work,1640
August,Wednesday,Evening,Restaurant,1608
August,Wednesday,Evening,Home,4564
August,Wednesday,Evening,Pub,680
August,Wednesday,Evening,Work,1419
August,Wednesday,Night,Home,2352
August,Wednesday,Night,Restaurant,848
August,Wednesday,Night,Pub,1268
August,Thursday,Morning,Restaurant,503
August,Thursday,Morning,Pub,113
August,Thursday,Morning,Home,276
August,Thursday,Morning,Work,3566
August,Thursday,Afternoon,Restaurant,1358
August,Thursday,Afternoon,Home,53
August,Thursday,Afternoon,Pub,41
August,Thursday,Afternoon,Work,1310
August,Thursday,Evening,Restaurant,1307
August,Thursday,Evening,Home,3686
August,Thursday,Evening,Pub,663
August,Thursday,Evening,Work,1137
August,Thursday,Night,Home,2168
August,Thursday,Night,Pub,1260
August,Thursday,Night,Restaurant,718
August,Thursday,Night,Work,3
August,Friday,Morning,Pub,85
August,Friday,Morning,Restaurant,497
August,Friday,Morning,Home,276
August,Friday,Morning,Work,3575
August,Friday,Afternoon,Restaurant,1347
August,Friday,Afternoon,Home,48
August,Friday,Afternoon,Pub,32
August,Friday,Afternoon,Work,1291
August,Friday,Evening,Restaurant,1284
August,Friday,Evening,Pub,725
August,Friday,Evening,Home,3684
August,Friday,Evening,Work,1171
August,Friday,Night,Home,2362
August,Friday,Night,Pub,1411
August,Friday,Night,Restaurant,743
August,Saturday,Morning,Pub,2037
August,Saturday,Morning,Restaurant,1871
August,Saturday,Morning,Home,3116
August,Saturday,Morning,Work,472
August,Saturday,Afternoon,Home,1026
August,Saturday,Afternoon,Restaurant,730
August,Saturday,Afternoon,Pub,747
August,Saturday,Afternoon,Work,143
August,Saturday,Evening,Home,2348
August,Saturday,Evening,Pub,1461
August,Saturday,Evening,Restaurant,936
August,Saturday,Evening,Work,132
August,Saturday,Night,Home,2437
August,Saturday,Night,Restaurant,677
August,Saturday,Night,Pub,1463
August,Sunday,Morning,Restaurant,1883
August,Sunday,Morning,Pub,1796
August,Sunday,Morning,Home,3051
August,Sunday,Morning,Work,458
August,Sunday,Afternoon,Home,936
August,Sunday,Afternoon,Pub,624
August,Sunday,Afternoon,Restaurant,751
August,Sunday,Afternoon,Work,134
August,Sunday,Evening,Home,2234
August,Sunday,Evening,Pub,1342
August,Sunday,Evening,Restaurant,922
August,Sunday,Evening,Work,138
August,Sunday,Night,Home,2300
August,Sunday,Night,Restaurant,689
August,Sunday,Night,Pub,1396
September,Thursday,Morning,Restaurant,615
September,Thursday,Morning,Pub,177
September,Thursday,Morning,Home,346
September,Thursday,Morning,Work,4449
September,Thursday,Afternoon,Restaurant,1710
September,Thursday,Afternoon,Pub,62
September,Thursday,Afternoon,Home,78
September,Thursday,Afternoon,Work,1643
September,Thursday,Evening,Restaurant,1634
September,Thursday,Evening,Pub,857
September,Thursday,Evening,Home,4642
September,Thursday,Evening,Work,1425
September,Thursday,Night,Home,2731
September,Thursday,Night,Pub,1561
September,Thursday,Night,Work,3
September,Thursday,Night,Restaurant,898
September,Friday,Morning,Restaurant,616
September,Friday,Morning,Pub,120
September,Friday,Morning,Home,367
September,Friday,Morning,Work,4458
September,Friday,Afternoon,Restaurant,1695
September,Friday,Afternoon,Home,60
September,Friday,Afternoon,Pub,37
September,Friday,Afternoon,Work,1617
September,Friday,Evening,Restaurant,1640
September,Friday,Evening,Pub,856
September,Friday,Evening,Home,4634
September,Friday,Evening,Work,1460
September,Friday,Night,Home,2705
September,Friday,Night,Restaurant,835
September,Friday,Night,Pub,1552
September,Friday,Night,Work,2
September,Saturday,Morning,Restaurant,1881
September,Saturday,Morning,Pub,1912
September,Saturday,Morning,Home,3097
September,Saturday,Morning,Work,473
September,Saturday,Afternoon,Home,980
September,Saturday,Afternoon,Restaurant,757
September,Saturday,Afternoon,Pub,705
September,Saturday,Afternoon,Work,143
September,Saturday,Evening,Home,2270
September,Saturday,Evening,Restaurant,905
September,Saturday,Evening,Pub,1343
September,Saturday,Evening,Work,132
September,Saturday,Night,Home,2334
September,Saturday,Night,Pub,1394
September,Saturday,Night,Restaurant,674
September,Sunday,Morning,Restaurant,1830
September,Sunday,Morning,Pub,1885
September,Sunday,Morning,Home,3021
September,Sunday,Morning,Work,463
September,Sunday,Afternoon,Home,1016
September,Sunday,Afternoon,Restaurant,719
September,Sunday,Afternoon,Pub,661
September,Sunday,Afternoon,Work,130
September,Sunday,Evening,Home,2248
September,Sunday,Evening,Pub,1406
September,Sunday,Evening,Restaurant,915
September,Sunday,Evening,Work,138
September,Sunday,Night,Home,2399
September,Sunday,Night,Restaurant,674
September,Sunday,Night,Pub,1442
September,Monday,Morning,Restaurant,542
September,Monday,Morning,Home,344
September,Monday,Morning,Work,3554
September,Monday,Morning,Pub,134
September,Monday,Afternoon,Pub,55
September,Monday,Afternoon,Restaurant,1354
September,Monday,Afternoon,Home,62
September,Monday,Afternoon,Work,1296
September,Monday,Evening,Restaurant,1286
September,Monday,Evening,Home,3699
September,Monday,Evening,Work,1117
September,Monday,Evening,Pub,725
September,Monday,Night,Home,2207
September,Monday,Night,Pub,1291
September,Monday,Night,Restaurant,699
September,Tuesday,Morning,Restaurant,539
September,Tuesday,Morning,Pub,72
September,Tuesday,Morning,Home,289
September,Tuesday,Morning,Work,3551
September,Tuesday,Afternoon,Restaurant,1361
September,Tuesday,Afternoon,Home,38
September,Tuesday,Afternoon,Pub,24
September,Tuesday,Afternoon,Work,1325
September,Tuesday,Evening,Restaurant,1288
September,Tuesday,Evening,Home,3672
September,Tuesday,Evening,Pub,524
September,Tuesday,Evening,Work,1110
September,Tuesday,Night,Home,1871
September,Tuesday,Night,Pub,941
September,Tuesday,Night,Restaurant,686
September,Tuesday,Night,Work,2
September,Wednesday,Morning,Restaurant,507
September,Wednesday,Morning,Pub,102
September,Wednesday,Morning,Home,269
September,Wednesday,Morning,Work,3512
September,Wednesday,Afternoon,Restaurant,1363
September,Wednesday,Afternoon,Home,53
September,Wednesday,Afternoon,Pub,40
September,Wednesday,Afternoon,Work,1315
September,Wednesday,Evening,Restaurant,1276
September,Wednesday,Evening,Home,3645
September,Wednesday,Evening,Work,1135
September,Wednesday,Evening,Pub,570
September,Wednesday,Night,Pub,1016
September,Wednesday,Night,Home,1903
September,Wednesday,Night,Restaurant,689
September,Wednesday,Night,Work,2
October,Saturday,Morning,Restaurant,2285
October,Saturday,Morning,Pub,2463
October,Saturday,Morning,Home,3835
October,Saturday,Morning,Work,593
October,Saturday,Afternoon,Home,1227
October,Saturday,Afternoon,Restaurant,944
October,Saturday,Afternoon,Pub,863
October,Saturday,Afternoon,Work,175
October,Saturday,Evening,Home,2950
October,Saturday,Evening,Restaurant,1135
October,Saturday,Evening,Pub,1759
October,Saturday,Evening,Work,164
October,Saturday,Night,Home,2943
October,Saturday,Night,Restaurant,817
October,Saturday,Night,Pub,1805
October,Sunday,Morning,Restaurant,2310
October,Sunday,Morning,Pub,2296
October,Sunday,Morning,Home,3832
October,Sunday,Morning,Work,579
October,Sunday,Afternoon,Home,1182
October,Sunday,Afternoon,Restaurant,918
October,Sunday,Afternoon,Pub,819
October,Sunday,Afternoon,Work,165
October,Sunday,Evening,Home,2816
October,Sunday,Evening,Restaurant,1154
October,Sunday,Evening,Pub,1721
October,Sunday,Evening,Work,173
October,Sunday,Night,Home,2934
October,Sunday,Night,Restaurant,873
October,Sunday,Night,Pub,1790
October,Monday,Morning,Restaurant,659
October,Monday,Morning,Pub,136
October,Monday,Morning,Home,406
October,Monday,Morning,Work,4445
October,Monday,Afternoon,Restaurant,1692
October,Monday,Afternoon,Pub,52
October,Monday,Afternoon,Home,80
October,Monday,Afternoon,Work,1616
October,Monday,Evening,Home,4602
October,Monday,Evening,Restaurant,1592
October,Monday,Evening,Work,1396
October,Monday,Evening,Pub,865
October,Monday,Night,Home,2750
October,Monday,Night,Restaurant,890
October,Monday,Night,Pub,1632
October,Monday,Night,Work,3
October,Tuesday,Morning,Restaurant,543
October,Tuesday,Morning,Pub,77
October,Tuesday,Morning,Home,293
October,Tuesday,Morning,Work,3554
October,Tuesday,Afternoon,Restaurant,1365
October,Tuesday,Afternoon,Pub,30
October,Tuesday,Afternoon,Home,47
October,Tuesday,Afternoon,Work,1324
October,Tuesday,Evening,Restaurant,1270
October,Tuesday,Evening,Home,3659
October,Tuesday,Evening,Work,1110
October,Tuesday,Evening,Pub,492
October,Tuesday,Night,Home,1786
October,Tuesday,Night,Restaurant,704
October,Tuesday,Night,Pub,880
October,Tuesday,Night,Work,1
October,Wednesday,Morning,Restaurant,518
October,Wednesday,Morning,Pub,106
October,Wednesday,Morning,Home,258
October,Wednesday,Morning,Work,3533
October,Wednesday,Afternoon,Restaurant,1367
October,Wednesday,Afternoon,Home,53
October,Wednesday,Afternoon,Pub,32
October,Wednesday,Afternoon,Work,1312
October,Wednesday,Evening,Restaurant,1267
October,Wednesday,Evening,Home,3634
October,Wednesday,Evening,Work,1130
October,Wednesday,Evening,Pub,517
October,Wednesday,Night,Home,1807
October,Wednesday,Night,Restaurant,681
October,Wednesday,Night,Pub,934
October,Wednesday,Night,Work,2
October,Thursday,Morning,Restaurant,500
October,Thursday,Morning,Home,246
October,Thursday,Morning,Work,3554
October,Thursday,Morning,Pub,110
October,Thursday,Afternoon,Restaurant,1359
October,Thursday,Afternoon,Home,50
October,Thursday,Afternoon,Pub,42
October,Thursday,Afternoon,Work,1313
October,Thursday,Evening,Restaurant,1298
October,Thursday,Evening,Home,3688
October,Thursday,Evening,Pub,583
October,Thursday,Evening,Work,1138
October,Thursday,Night,Home,1967
October,Thursday,Night,Pub,1078
October,Thursday,Night,Restaurant,678
October,Thursday,Night,Work,1
October,Friday,Morning,Pub,92
October,Friday,Morning,Restaurant,492
October,Friday,Morning,Home,248
October,Friday,Morning,Work,3573
October,Friday,Afternoon,Restaurant,1349
October,Friday,Afternoon,Home,45
October,Friday,Afternoon,Pub,33
October,Friday,Afternoon,Work,1291
October,Friday,Evening,Restaurant,1305
October,Friday,Evening,Home,3707
October,Friday,Evening,Pub,669
October,Friday,Evening,Work,1162
October,Friday,Night,Home,2208
October,Friday,Night,Restaurant,708
October,Friday,Night,Pub,1336
October,Friday,Night,Work,3
November,Tuesday,Morning,Restaurant,677
November,Tuesday,Morning,Home,368
November,Tuesday,Morning,Pub,117
November,Tuesday,Morning,Work,4444
November,Tuesday,Afternoon,Restaurant,1705
November,Tuesday,Afternoon,Pub,43
November,Tuesday,Afternoon,Home,62
November,Tuesday,Afternoon,Work,1663
November,Tuesday,Evening,Home,4562
November,Tuesday,Evening,Restaurant,1596
November,Tuesday,Evening,Pub,628
November,Tuesday,Evening,Work,1383
November,Tuesday,Night,Home,2314
November,Tuesday,Night,Restaurant,852
November,Tuesday,Night,Work,3
November,Tuesday,Night,Pub,1222
November,Wednesday,Morning,Restaurant,645
November,Wednesday,Morning,Pub,128
November,Wednesday,Morning,Home,349
November,Wednesday,Morning,Work,4402
November,Wednesday,Afternoon,Restaurant,1701
November,Wednesday,Afternoon,Pub,43
November,Wednesday,Afternoon,Home,62
November,Wednesday,Afternoon,Work,1639
November,Wednesday,Evening,Restaurant,1588
November,Wednesday,Evening,Home,4540
November,Wednesday,Evening,Work,1414
November,Wednesday,Evening,Pub,631
November,Wednesday,Night,Home,2251
November,Wednesday,Night,Pub,1151
November,Wednesday,Night,Restaurant,851
November,Wednesday,Night,Work,2
November,Thursday,Morning,Pub,143
November,Thursday,Morning,Restaurant,487
November,Thursday,Morning,Home,255
November,Thursday,Morning,Work,3560
November,Thursday,Afternoon,Restaurant,1361
November,Thursday,Afternoon,Pub,50
November,Thursday,Afternoon,Home,61
November,Thursday,Afternoon,Work,1314
November,Thursday,Evening,Restaurant,1282
November,Thursday,Evening,Home,3692
November,Thursday,Evening,Work,1139
November,Thursday,Evening,Pub,599
November,Thursday,Night,Home,1995
November,Thursday,Night,Pub,1070
November,Thursday,Night,Restaurant,697
November,Thursday,Night,Work,2
November,Friday,Morning,Restaurant,494
November,Friday,Morning,Home,245
November,Friday,Morning,Work,3576
November,Friday,Morning,Pub,79
November,Friday,Afternoon,Restaurant,1358
November,Friday,Afternoon,Pub,27
November,Friday,Afternoon,Home,56
November,Friday,Afternoon,Work,1289
November,Friday,Evening,Home,3662
November,Friday,Evening,Restaurant,1279
November,Friday,Evening,Pub,660
November,Friday,Evening,Work,1167
November,Friday,Night,Home,2190
November,Friday,Night,Pub,1300
November,Friday,Night,Restaurant,731
November,Friday,Night,Work,1
November,Saturday,Morning,Restaurant,1872
November,Saturday,Morning,Pub,1964
November,Saturday,Morning,Home,3121
November,Saturday,Morning,Work,475
November,Saturday,Afternoon,Home,987
November,Saturday,Afternoon,Restaurant,750
November,Saturday,Afternoon,Pub,708
November,Saturday,Afternoon,Work,141
November,Saturday,Evening,Home,2328
November,Saturday,Evening,Restaurant,930
November,Saturday,Evening,Pub,1417
November,Saturday,Evening,Work,132
November,Saturday,Night,Home,2395
November,Saturday,Night,Restaurant,654
November,Saturday,Night,Pub,1434
November,Sunday,Morning,Restaurant,1852
November,Sunday,Morning,Pub,1791
November,Sunday,Morning,Home,3026
November,Sunday,Morning,Work,461
November,Sunday,Afternoon,Home,926
November,Sunday,Afternoon,Pub,631
November,Sunday,Afternoon,Restaurant,739
November,Sunday,Afternoon,Work,137
November,Sunday,Evening,Home,2201
November,Sunday,Evening,Restaurant,926
November,Sunday,Evening,Pub,1318
November,Sunday,Evening,Work,139
November,Sunday,Night,Home,2319
November,Sunday,Night,Pub,1411
November,Sunday,Night,Restaurant,695
November,Monday,Morning,Restaurant,535
November,Monday,Morning,Pub,107
November,Monday,Morning,Home,332
November,Monday,Morning,Work,3552
November,Monday,Afternoon,Restaurant,1361
November,Monday,Afternoon,Home,52
November,Monday,Afternoon,Pub,39
November,Monday,Afternoon,Work,1302
November,Monday,Evening,Restaurant,1278
November,Monday,Evening,Pub,663
November,Monday,Evening,Home,3681
November,Monday,Evening,Work,1115
November,Monday,Night,Home,2123
November,Monday,Night,Pub,1224
November,Monday,Night,Restaurant,713
November,Monday,Night,Work,1
December,Thursday,Morning,Restaurant,632
December,Thursday,Morning,Pub,181
December,Thursday,Morning,Home,368
December,Thursday,Morning,Work,4451
December,Thursday,Afternoon,Restaurant,1703
December,Thursday,Afternoon,Home,70
December,Thursday,Afternoon,Pub,54
December,Thursday,Afternoon,Work,1643
December,Thursday,Evening,Restaurant,1603
December,Thursday,Evening,Pub,744
December,Thursday,Evening,Home,4608
December,Thursday,Evening,Work,1419
December,Thursday,Night,Home,2496
December,Thursday,Night,Restaurant,861
December,Thursday,Night,Work,3
December,Thursday,Night,Pub,1405
December,Friday,Morning,Restaurant,596
December,Friday,Morning,Pub,130
December,Friday,Morning,Home,338
December,Friday,Morning,Work,4465
December,Friday,Afternoon,Restaurant,1701
December,Friday,Afternoon,Home,61
December,Friday,Afternoon,Pub,44
December,Friday,Afternoon,Work,1613
December,Friday,Evening,Restaurant,1628
December,Friday,Evening,Pub,898
December,Friday,Evening,Home,4614
December,Friday,Evening,Work,1462
December,Friday,Night,Home,2868
December,Friday,Night,Restaurant,860
December,Friday,Night,Pub,1753
December,Friday,Night,Work,2
December,Saturday,Morning,Restaurant,2302
December,Saturday,Morning,Pub,2379
December,Saturday,Morning,Home,3806
December,Saturday,Morning,Work,595
December,Saturday,Afternoon,Home,1211
December,Saturday,Afternoon,Restaurant,950
December,Saturday,Afternoon,Pub,867
December,Saturday,Afternoon,Work,180
December,Saturday,Evening,Home,2861
December,Saturday,Evening,Pub,1742
December,Saturday,Evening,Restaurant,1134
December,Saturday,Evening,Work,165
December,Saturday,Night,Home,3034
December,Saturday,Night,Pub,1797
December,Saturday,Night,Restaurant,884
December,Sunday,Morning,Restaurant,1824
December,Sunday,Morning,Pub,1856
December,Sunday,Morning,Home,3020
December,Sunday,Morning,Work,458
December,Sunday,Afternoon,Home,966
December,Sunday,Afternoon,Restaurant,769
December,Sunday,Afternoon,Pub,667
December,Sunday,Afternoon,Work,136
December,Sunday,Evening,Home,2248
December,Sunday,Evening,Restaurant,929
December,Sunday,Evening,Pub,1367
December,Sunday,Evening,Work,139
December,Sunday,Night,Home,2341
December,Sunday,Night,Pub,1449
December,Sunday,Night,Restaurant,684
December,Monday,Morning,Restaurant,531
December,Monday,Morning,Pub,90
December,Monday,Morning,Home,336
December,Monday,Morning,Work,3556
December,Monday,Afternoon,Home,47
December,Monday,Afternoon,Restaurant,1357
December,Monday,Afternoon,Pub,38
December,Monday,Afternoon,Work,1296
December,Monday,Evening,Restaurant,1277
December,Monday,Evening,Pub,658
December,Monday,Evening,Home,3635
December,Monday,Evening,Work,1123
December,Monday,Night,Home,2154
December,Monday,Night,Restaurant,706
December,Monday,Night,Pub,1261
December,Monday,Night,Work,2
December,Tuesday,Morning,Restaurant,534
December,Tuesday,Morning,Pub,99
December,Tuesday,Morning,Home,303
December,Tuesday,Morning,Work,3548
December,Tuesday,Afternoon,Restaurant,1358
December,Tuesday,Afternoon,Home,42
December,Tuesday,Afternoon,Pub,30
December,Tuesday,Afternoon,Work,1324
December,Tuesday,Evening,Restaurant,1281
December,Tuesday,Evening,Home,3672
December,Tuesday,Evening,Work,1109
December,Tuesday,Evening,Pub,511
December,Tuesday,Night,Home,1827
December,Tuesday,Night,Pub,958
December,Tuesday,Night,Restaurant,690
December,Tuesday,Night,Work,2
December,Wednesday,Morning,Restaurant,522
December,Wednesday,Morning,Pub,97
December,Wednesday,Morning,Home,289
December,Wednesday,Morning,Work,3532
December,Wednesday,Afternoon,Restaurant,1366
December,Wednesday,Afternoon,Home,50
December,Wednesday,Afternoon,Pub,37
December,Wednesday,Afternoon,Work,1312
December,Wednesday,Evening,Restaurant,1261
December,Wednesday,Evening,Pub,512
December,Wednesday,Evening,Home,3637
December,Wednesday,Evening,Work,1135
December,Wednesday,Night,Home,1779
December,Wednesday,Night,Pub,948
December,Wednesday,Night,Restaurant,683
December,Wednesday,Night,Work,2
January,Sunday,Morning,Restaurant,2304
January,Sunday,Morning,Pub,2240
January,Sunday,Morning,Home,3744
January,Sunday,Morning,Work,580
January,Sunday,Afternoon,Home,1163
January,Sunday,Afternoon,Restaurant,910
January,Sunday,Afternoon,Pub,775
January,Sunday,Afternoon,Work,168
January,Sunday,Evening,Home,2746
January,Sunday,Evening,Restaurant,1102
January,Sunday,Evening,Pub,1726
January,Sunday,Evening,Work,171
January,Sunday,Night,Home,2958
January,Sunday,Night,Restaurant,853
January,Sunday,Night,Pub,1803
January,Monday,Morning,Restaurant,665
January,Monday,Morning,Pub,164
January,Monday,Morning,Home,441
January,Monday,Morning,Work,4449
January,Monday,Afternoon,Restaurant,1686
January,Monday,Afternoon,Home,64
January,Monday,Afternoon,Pub,60
January,Monday,Afternoon,Work,1624
January,Monday,Evening,Restaurant,1619
January,Monday,Evening,Home,4613
January,Monday,Evening,Work,1391
January,Monday,Evening,Pub,909
January,Monday,Night,Home,2809
January,Monday,Night,Restaurant,924
January,Monday,Night,Pub,1656
January,Monday,Night,Work,2
January,Tuesday,Morning,Restaurant,678
January,Tuesday,Morning,Pub,127
January,Tuesday,Morning,Home,416
January,Tuesday,Morning,Work,4434
January,Tuesday,Afternoon,Restaurant,1706
January,Tuesday,Afternoon,Pub,44
January,Tuesday,Afternoon,Home,72
January,Tuesday,Afternoon,Work,1662
January,Tuesday,Evening,Restaurant,1581
January,Tuesday,Evening,Home,4530
January,Tuesday,Evening,Pub,653
January,Tuesday,Evening,Work,1387
January,Tuesday,Night,Home,2345
January,Tuesday,Night,Pub,1219
January,Tuesday,Night,Restaurant,885
January,Tuesday,Night,Work,1
January,Wednesday,Morning,Pub,95
January,Wednesday,Morning,Restaurant,521
January,Wednesday,Morning,Home,299
January,Wednesday,Morning,Work,3528
January,Wednesday,Afternoon,Restaurant,1363
January,Wednesday,Afternoon,Home,46
January,Wednesday,Afternoon,Pub,37
January,Wednesday,Afternoon,Work,1313
January,Wednesday,Evening,Restaurant,1272
January,Wednesday,Evening,Home,3651
January,Wednesday,Evening,Work,1130
January,Wednesday,Evening,Pub,493
January,Wednesday,Night,Home,1795
January,Wednesday,Night,Restaurant,697
January,Wednesday,Night,Pub,886
January,Wednesday,Night,Work,2
January,Thursday,Morning,Restaurant,494
January,Thursday,Morning,Pub,128
January,Thursday,Morning,Home,254
January,Thursday,Morning,Work,3560
January,Thursday,Afternoon,Restaurant,1363
January,Thursday,Afternoon,Home,54
January,Thursday,Afternoon,Pub,44
January,Thursday,Afternoon,Work,1311
January,Thursday,Evening,Restaurant,1285
January,Thursday,Evening,Pub,588
January,Thursday,Evening,Home,3707
January,Thursday,Evening,Work,1142
January,Thursday,Night,Home,1924
January,Thursday,Night,Pub,1050
January,Thursday,Night,Restaurant,671
January,Thursday,Night,Work,1
January,Friday,Morning,Restaurant,505
January,Friday,Morning,Pub,73
January,Friday,Morning,Home,263
January,Friday,Morning,Work,3582
January,Friday,Afternoon,Restaurant,1352
January,Friday,Afternoon,Home,41
January,Friday,Afternoon,Pub,25
January,Friday,Afternoon,Work,1290
January,Friday,Evening,Restaurant,1306
January,Friday,Evening,Home,3689
January,Friday,Evening,Pub,669
January,Friday,Evening,Work,1171
January,Friday,Night,Home,2185
January,Friday,Night,Pub,1305
January,Friday,Night,Restaurant,664
January,Friday,Night,Work,1
January,Saturday,Morning,Restaurant,1856
January,Saturday,Morning,Pub,1895
January,Saturday,Morning,Home,3031
January,Saturday,Morning,Work,477
January,Saturday,Afternoon,Home,989
January,Saturday,Afternoon,Restaurant,743
January,Saturday,Afternoon,Pub,720
January,Saturday,Afternoon,Work,141
January,Saturday,Evening,Home,2293
January,Saturday,Evening,Restaurant,947
January,Saturday,Evening,Pub,1317
January,Saturday,Evening,Work,134
January,Saturday,Night,Home,2342
January,Saturday,Night,Restaurant,699
January,Saturday,Night,Pub,1420
February,Wednesday,Morning,Pub,100
February,Wednesday,Morning,Restaurant,508
February,Wednesday,Morning,Home,262
February,Wednesday,Morning,Work,3521
February,Wednesday,Afternoon,Restaurant,1362
February,Wednesday,Afternoon,Home,43
February,Wednesday,Afternoon,Pub,33
February,Wednesday,Afternoon,Work,1316
February,Wednesday,Evening,Restaurant,1279
February,Wednesday,Evening,Home,3643
February,Wednesday,Evening,Work,1132
February,Wednesday,Evening,Pub,492
February,Wednesday,Night,Restaurant,678
February,Wednesday,Night,Home,1749
February,Wednesday,Night,Pub,826
February,Wednesday,Night,Work,2
February,Thursday,Morning,Restaurant,521
February,Thursday,Morning,Home,283
February,Thursday,Morning,Pub,135
February,Thursday,Morning,Work,3564
February,Thursday,Afternoon,Restaurant,1362
February,Thursday,Afternoon,Home,53
February,Thursday,Afternoon,Pub,49
February,Thursday,Afternoon,Work,1314
February,Thursday,Evening,Restaurant,1297
February,Thursday,Evening,Home,3707
February,Thursday,Evening,Pub,608
February,Thursday,Evening,Work,1139
February,Thursday,Night,Home,1962
February,Thursday,Night,Pub,1093
February,Thursday,Night,Restaurant,675
February,Thursday,Night,Work,1
February,Friday,Morning,Restaurant,485
February,Friday,Morning,Home,237
February,Friday,Morning,Work,3577
February,Friday,Morning,Pub,76
February,Friday,Afternoon,Restaurant,1361
February,Friday,Afternoon,Home,49
February,Friday,Afternoon,Pub,25
February,Friday,Afternoon,Work,1292
February,Friday,Evening,Restaurant,1305
February,Friday,Evening,Pub,625
February,Friday,Evening,Home,3694
February,Friday,Evening,Work,1167
February,Friday,Night,Home,2048
February,Friday,Night,Pub,1206
February,Friday,Night,Restaurant,656
February,Friday,Night,Work,3
February,Saturday,Morning,Restaurant,1833
February,Saturday,Morning,Pub,1799
February,Saturday,Morning,Home,2947
February,Saturday,Morning,Work,479
February,Saturday,Afternoon,Home,955
February,Saturday,Afternoon,Restaurant,754
February,Saturday,Afternoon,Pub,647
February,Saturday,Afternoon,Work,139
February,Saturday,Evening,Home,2245
February,Saturday,Evening,Restaurant,933
February,Saturday,Evening,Pub,1295
February,Saturday,Evening,Work,132
February,Saturday,Night,Home,2284
February,Saturday,Night,Restaurant,670
February,Saturday,Night,Pub,1314
February,Sunday,Morning,Pub,1837
February,Sunday,Morning,Restaurant,1829
February,Sunday,Morning,Home,3029
February,Sunday,Morning,Work,461
February,Sunday,Afternoon,Home,963
February,Sunday,Afternoon,Restaurant,728
February,Sunday,Afternoon,Pub,644
February,Sunday,Afternoon,Work,134
February,Sunday,Evening,Home,2246
February,Sunday,Evening,Restaurant,937
February,Sunday,Evening,Pub,1369
February,Sunday,Evening,Work,137
February,Sunday,Night,Home,2382
February,Sunday,Night,Restaurant,695
February,Sunday,Night,Pub,1482
February,Monday,Morning,Restaurant,520
February,Monday,Morning,Pub,123
February,Monday,Morning,Home,340
February,Monday,Morning,Work,3549
February,Monday,Afternoon,Restaurant,1353
February,Monday,Afternoon,Home,53
February,Monday,Afternoon,Pub,49
February,Monday,Afternoon,Work,1300
February,Monday,Evening,Restaurant,1302
February,Monday,Evening,Home,3698
February,Monday,Evening,Work,1129
February,Monday,Evening,Pub,732
February,Monday,Night,Home,2280
February,Monday,Night,Restaurant,706
February,Monday,Night,Pub,1367
February,Monday,Night,Work,3
February,Tuesday,Morning,Restaurant,538
February,Tuesday,Morning,Pub,81
February,Tuesday,Morning,Work,3545
February,Tuesday,Morning,Home,314
February,Tuesday,Afternoon,Restaurant,1359
February,Tuesday,Afternoon,Home,41
February,Tuesday,Afternoon,Pub,29
February,Tuesday,Afternoon,Work,1329
February,Tuesday,Evening,Restaurant,1257
February,Tuesday,Evening,Home,3640
February,Tuesday,Evening,Pub,459
February,Tuesday,Evening,Work,1110
February,Tuesday,Night,Home,1720
February,Tuesday,Night,Work,1
February,Tuesday,Night,Restaurant,681
February,Tuesday,Night,Pub,874
